"eval_idx","utility","served_count","served_ratio","success_flag","first_feasible_flag","window_feasible_attempts","rate_feasible_attempts","transmission_feasible_attempts","outage_count","duplicate_count","conflict_count","energy_cost","best_so_far","runtime_sec","method","seed","scale","iteration","current_reward","best_reward","feasible","served_tasks","best_served_tasks","channel_model","window_width","rate_threshold_mbps","experiment","budget"
"1","0.0","0","0.0","False","False","2","0","0","1","0","0","203.32853052491356","0.0","0.0010900000052060932","full_space_bo","2","medium","1","0.0","0.0","False","0","0","distance","30.0","15.0","rate_high","300"
"2","0.0","0","0.0","False","False","1","0","0","0","0","1","257.25878841272635","0.0","0.0021351000032154843","full_space_bo","2","medium","2","0.0","0.0","False","0","0","distance","30.0","15.0","rate_high","300"
"3","0.0","0","0.0","False","False","1","0","0","1","0","0","141.13096556137754","0.0","0.003757200000109151","full_space_bo","2","medium","3","0.0","0.0","False","0","0","distance","30.0","15.0","rate_high","300"
"4","0.0","0","0.0","False","False","2","0","0","0","0","0","241.19732740365038","0.0","0.0049343999999109656","full_space_bo","2","medium","4","0.0","0.0","False","0","0","distance","30.0","15.0","rate_high","300"
"5","0.0","0","0.0","False","False","2","0","0","0","0","0","272.7975886470211","0.0","0.006067599999369122","full_space_bo","2","medium","5","0.0","0.0","False","0","0","distance","30.0","15.0","rate_high","300"
"6","0.0","0","0.0","False","False","0","0","0","0","0","0","215.80142347466136","0.0","0.0071376999985659495","full_space_bo","2","medium","6","0.0","0.0","False","0","0","distance","30.0","15.0","rate_high","300"
"7","0.0","0","0.0","False","False","1","0","0","0","0","0","201.36633658632752","0.0","0.008159600001818035","full_space_bo","2","medium","7","0.0","0.0","False","0","0","distance","30.0","15.0","rate_high","300"
"8","0.0","0","0.0","False","False","0","0","0","0","0","0","160.28243213349518","0.0","0.00956850000511622","full_space_bo","2","medium","8","0.0","0.0","False","0","0","distance","30.0","15.0","rate_high","300"
"9","0.0","0","0.0","False","False","0","0","0","0","0","1","240.1770586375504","0.0","0.010583499999484047","full_space_bo","2","medium","9","0.0","0.0","False","0","0","distance","30.0","15.0","rate_high","300"
"10","0.0","0","0.0","False","False","1","0","0","0","0","0","314.6280665220911","0.0","0.011583500003325753","full_space_bo","2","medium","10","0.0","0.0","False","0","0","distance","30.0","15.0","rate_high","300"
"11","0.0","0","0.0","False","False","1","0","0","0","0","0","229.72228085816732","0.0","0.012647800002014264","full_space_bo","2","medium","11","0.0","0.0","False","0","0","distance","30.0","15.0","rate_high","300"
"12","0.0","0","0.0","False","False","2","0","0","0","0","0","141.50168110248197","0.0","0.01375009999901522","full_space_bo","2","medium","12","0.0","0.0","False","0","0","distance","30.0","15.0","rate_high","300"
"13","0.0","0","0.0","False","False","1","0","0","0","0","0","268.3435331657595","0.0","0.015360199999122415","full_space_bo","2","medium","13","0.0","0.0","False","0","0","distance","30.0","15.0","rate_high","300"
"14","0.0","0","0.0","False","False","1","0","0","0","0","0","285.59690382209965","0.0","0.016614000000117812","full_space_bo","2","medium","14","0.0","0.0","False","0","0","distance","30.0","15.0","rate_high","300"
"15","0.0","0","0.0","False","False","0","0","0","0","0","0","245.0913588129496","0.0","0.017837700004747603","full_space_bo","2","medium","15","0.0","0.0","False","0","0","distance","30.0","15.0","rate_high","300"
"16","0.0","0","0.0","False","False","4","0","0","1","0","1","279.8754554769186","0.0","0.019027900001674425","full_space_bo","2","medium","16","0.0","0.0","False","0","0","distance","30.0","15.0","rate_high","300"
"17","0.0","0","0.0","False","False","1","0","0","0","0","0","190.63552265117988","0.0","0.020203699998091906","full_space_bo","2","medium","17","0.0","0.0","False","0","0","distance","30.0","15.0","rate_high","300"
"18","0.0","0","0.0","False","False","0","0","0","0","0","1","190.73659012071482","0.0","0.021669100002327468","full_space_bo","2","medium","18","0.0","0.0","False","0","0","distance","30.0","15.0","rate_high","300"
"19","0.0","0","0.0","False","False","1","0","0","0","0","1","235.6843942942687","0.0","0.022762600005080458","full_space_bo","2","medium","19","0.0","0.0","False","0","0","distance","30.0","15.0","rate_high","300"
"20","0.0","0","0.0","False","False","4","0","0","0","0","1","201.40462901444906","0.0","0.02384100000199396","full_space_bo","2","medium","20","0.0","0.0","False","0","0","distance","30.0","15.0","rate_high","300"
"21","0.0","0","0.0","False","False","2","0","0","0","0","0","203.73288602606456","0.0","0.025221800002327655","full_space_bo","2","medium","21","0.0","0.0","False","0","0","distance","30.0","15.0","rate_high","300"
"22","0.0","0","0.0","False","False","1","0","0","0","0","0","242.06143747092446","0.0","0.02634119999856921","full_space_bo","2","medium","22","0.0","0.0","False","0","0","distance","30.0","15.0","rate_high","300"
"23","0.0","0","0.0","False","False","2","0","0","0","0","1","291.5493232842259","0.0","0.027818100003059953","full_space_bo","2","medium","23","0.0","0.0","False","0","0","distance","30.0","15.0","rate_high","300"
"24","0.0","0","0.0","False","False","1","0","0","0","0","0","275.73950881866494","0.0","0.028941000004124362","full_space_bo","2","medium","24","0.0","0.0","False","0","0","distance","30.0","15.0","rate_high","300"
"25","0.0","0","0.0","False","False","2","0","0","0","0","0","230.5305044807902","0.0","0.03011050000350224","full_space_bo","2","medium","25","0.0","0.0","False","0","0","distance","30.0","15.0","rate_high","300"
"26","0.0","0","0.0","False","False","3","0","0","0","0","1","298.69495561808867","0.0","0.03119449999940116","full_space_bo","2","medium","26","0.0","0.0","False","0","0","distance","30.0","15.0","rate_high","300"
"27","0.0","0","0.0","False","False","0","0","0","0","0","1","282.3735582772998","0.0","0.03227270000206772","full_space_bo","2","medium","27","0.0","0.0","False","0","0","distance","30.0","15.0","rate_high","300"
"28","0.0","0","0.0","False","False","0","0","0","0","0","0","143.13104602140731","0.0","0.033793900001910515","full_space_bo","2","medium","28","0.0","0.0","False","0","0","distance","30.0","15.0","rate_high","300"
"29","0.0","0","0.0","False","False","3","0","0","0","0","1","221.20987441313207","0.0","0.03519190000224626","full_space_bo","2","medium","29","0.0","0.0","False","0","0","distance","30.0","15.0","rate_high","300"
"30","0.0","0","0.0","False","False","1","0","0","0","0","0","295.577517778911","0.0","0.036319999999250285","full_space_bo","2","medium","30","0.0","0.0","False","0","0","distance","30.0","15.0","rate_high","300"
"31","0.0","0","0.0","False","False","4","0","0","1","0","0","203.97511431412363","0.0","0.03747809999913443","full_space_bo","2","medium","31","0.0","0.0","False","0","0","distance","30.0","15.0","rate_high","300"
"32","0.0","0","0.0","False","False","2","0","0","0","0","1","217.13809203380777","0.0","0.03866980000020703","full_space_bo","2","medium","32","0.0","0.0","False","0","0","distance","30.0","15.0","rate_high","300"
"33","0.0","0","0.0","False","False","2","0","0","0","0","0","244.76086697478414","0.0","0.04040710000117542","full_space_bo","2","medium","33","0.0","0.0","False","0","0","distance","30.0","15.0","rate_high","300"
"34","0.0","0","0.0","False","False","1","0","0","0","0","0","199.28277935241724","0.0","0.04164100000343751","full_space_bo","2","medium","34","0.0","0.0","False","0","0","distance","30.0","15.0","rate_high","300"
"35","0.0","0","0.0","False","False","1","0","0","0","0","1","148.57522205607097","0.0","0.04279490000044461","full_space_bo","2","medium","35","0.0","0.0","False","0","0","distance","30.0","15.0","rate_high","300"
"36","0.0","0","0.0","False","False","1","0","0","0","0","1","221.69050581724298","0.0","0.04388730000209762","full_space_bo","2","medium","36","0.0","0.0","False","0","0","distance","30.0","15.0","rate_high","300"
"37","0.0","0","0.0","False","False","1","0","0","0","0","0","184.72266629645196","0.0","0.04530479999812087","full_space_bo","2","medium","37","0.0","0.0","False","0","0","distance","30.0","15.0","rate_high","300"
"38","0.0","0","0.0","False","False","1","0","0","0","0","1","237.69240696245558","0.0","0.04665670000395039","full_space_bo","2","medium","38","0.0","0.0","False","0","0","distance","30.0","15.0","rate_high","300"
"39","0.0","0","0.0","False","False","0","0","0","0","0","0","184.69834272497127","0.0","0.04775779999908991","full_space_bo","2","medium","39","0.0","0.0","False","0","0","distance","30.0","15.0","rate_high","300"
"40","0.0","0","0.0","False","False","0","0","0","0","0","0","183.1321720094378","0.0","0.04922839999926509","full_space_bo","2","medium","40","0.0","0.0","False","0","0","distance","30.0","15.0","rate_high","300"
"41","0.0","0","0.0","False","False","3","0","0","1","0","0","215.60590216568662","0.0","0.050311800005147234","full_space_bo","2","medium","41","0.0","0.0","False","0","0","distance","30.0","15.0","rate_high","300"
"42","0.0","0","0.0","False","False","6","0","0","1","0","0","184.1251977093047","0.0","0.05194380000466481","full_space_bo","2","medium","42","0.0","0.0","False","0","0","distance","30.0","15.0","rate_high","300"
"43","0.0","0","0.0","False","False","2","0","0","0","0","0","158.8021080329142","0.0","0.053157499998633284","full_space_bo","2","medium","43","0.0","0.0","False","0","0","distance","30.0","15.0","rate_high","300"
"44","0.0","0","0.0","False","False","2","0","0","0","0","0","278.4573564779413","0.0","0.05439660000411095","full_space_bo","2","medium","44","0.0","0.0","False","0","0","distance","30.0","15.0","rate_high","300"
"45","0.0","0","0.0","False","False","4","0","0","1","0","2","212.55576633071524","0.0","0.05566790000011679","full_space_bo","2","medium","45","0.0","0.0","False","0","0","distance","30.0","15.0","rate_high","300"
"46","0.0","0","0.0","False","False","1","0","0","0","0","1","246.77881930802556","0.0","0.056886400001531","full_space_bo","2","medium","46","0.0","0.0","False","0","0","distance","30.0","15.0","rate_high","300"
"47","0.0","0","0.0","False","False","2","0","0","1","0","2","256.7156343480914","0.0","0.05853960000240477","full_space_bo","2","medium","47","0.0","0.0","False","0","0","distance","30.0","15.0","rate_high","300"
"48","0.0","0","0.0","False","False","2","0","0","0","0","1","168.4316312492959","0.0","0.0597533000036492","full_space_bo","2","medium","48","0.0","0.0","False","0","0","distance","30.0","15.0","rate_high","300"
"49","0.0","0","0.0","False","False","2","0","0","0","0","0","188.38183043683776","0.0","0.06095630000345409","full_space_bo","2","medium","49","0.0","0.0","False","0","0","distance","30.0","15.0","rate_high","300"
"50","0.0","0","0.0","False","False","1","0","0","0","0","0","175.54175172866158","0.0","0.06214490000274964","full_space_bo","2","medium","50","0.0","0.0","False","0","0","distance","30.0","15.0","rate_high","300"
"51","0.0","0","0.0","False","False","1","0","0","0","0","1","230.3796750151592","0.0","0.06398270000499906","full_space_bo","2","medium","51","0.0","0.0","False","0","0","distance","30.0","15.0","rate_high","300"
"52","0.0","0","0.0","False","False","0","0","0","0","0","2","225.05861869193077","0.0","0.0652126999993925","full_space_bo","2","medium","52","0.0","0.0","False","0","0","distance","30.0","15.0","rate_high","300"
"53","0.0","0","0.0","False","False","1","0","0","1","0","0","148.9555444099331","0.0","0.06631600000400795","full_space_bo","2","medium","53","0.0","0.0","False","0","0","distance","30.0","15.0","rate_high","300"
"54","0.0","0","0.0","False","False","2","0","0","0","0","0","251.39113598106667","0.0","0.06740150000405265","full_space_bo","2","medium","54","0.0","0.0","False","0","0","distance","30.0","15.0","rate_high","300"
"55","0.0","0","0.0","False","False","0","0","0","0","0","0","238.83278704984514","0.0","0.06848510000418173","full_space_bo","2","medium","55","0.0","0.0","False","0","0","distance","30.0","15.0","rate_high","300"
"56","0.0","0","0.0","False","False","1","0","0","1","0","0","174.6750326925784","0.0","0.07033290000254055","full_space_bo","2","medium","56","0.0","0.0","False","0","0","distance","30.0","15.0","rate_high","300"
"57","0.0","0","0.0","False","False","1","0","0","0","0","0","189.05169964991035","0.0","0.07219679999980144","full_space_bo","2","medium","57","0.0","0.0","False","0","0","distance","30.0","15.0","rate_high","300"
"58","0.0","0","0.0","False","False","2","0","0","0","0","1","299.4029843435429","0.0","0.07397430000128224","full_space_bo","2","medium","58","0.0","0.0","False","0","0","distance","30.0","15.0","rate_high","300"
"59","0.0","0","0.0","False","False","2","0","0","0","0","0","207.24756231788774","0.0","0.07518490000074962","full_space_bo","2","medium","59","0.0","0.0","False","0","0","distance","30.0","15.0","rate_high","300"
"60","0.0","0","0.0","False","False","0","0","0","0","0","0","220.3978119899055","0.0","0.07683389999874635","full_space_bo","2","medium","60","0.0","0.0","False","0","0","distance","30.0","15.0","rate_high","300"
"61","0.0","0","0.0","False","False","0","0","0","0","0","0","229.3253009306393","0.0","0.07802079999964917","full_space_bo","2","medium","61","0.0","0.0","False","0","0","distance","30.0","15.0","rate_high","300"
"62","0.0","0","0.0","False","False","0","0","0","0","0","0","243.03835558021422","0.0","0.07912100000248756","full_space_bo","2","medium","62","0.0","0.0","False","0","0","distance","30.0","15.0","rate_high","300"
"63","0.0","0","0.0","False","False","2","0","0","0","0","1","299.6723531434841","0.0","0.08021260000532493","full_space_bo","2","medium","63","0.0","0.0","False","0","0","distance","30.0","15.0","rate_high","300"
"64","0.0","0","0.0","False","False","3","0","0","1","0","0","235.55746863050362","0.0","0.08130050000181654","full_space_bo","2","medium","64","0.0","0.0","False","0","0","distance","30.0","15.0","rate_high","300"
"65","0.0","0","0.0","False","False","1","0","0","0","0","1","257.51324942407797","0.0","0.08276389999809908","full_space_bo","2","medium","65","0.0","0.0","False","0","0","distance","30.0","15.0","rate_high","300"
"66","0.0","0","0.0","False","False","1","0","0","0","0","0","261.72952509738064","0.0","0.08387429999856977","full_space_bo","2","medium","66","0.0","0.0","False","0","0","distance","30.0","15.0","rate_high","300"
"67","0.0","0","0.0","False","False","5","0","0","0","0","1","225.8434352929242","0.0","0.08493810000072699","full_space_bo","2","medium","67","0.0","0.0","False","0","0","distance","30.0","15.0","rate_high","300"
"68","0.0","0","0.0","False","False","0","0","0","0","0","0","194.52301791123915","0.0","0.08598319999873638","full_space_bo","2","medium","68","0.0","0.0","False","0","0","distance","30.0","15.0","rate_high","300"
"69","0.0","0","0.0","False","False","1","0","0","0","0","0","269.56548389126056","0.0","0.08703300000343006","full_space_bo","2","medium","69","0.0","0.0","False","0","0","distance","30.0","15.0","rate_high","300"
"70","0.0","0","0.0","False","False","2","0","0","0","0","1","282.3068534410368","0.0","0.08856940000259783","full_space_bo","2","medium","70","0.0","0.0","False","0","0","distance","30.0","15.0","rate_high","300"
"71","0.0","0","0.0","False","False","2","0","0","0","0","1","221.8645964137919","0.0","0.0898116000025766","full_space_bo","2","medium","71","0.0","0.0","False","0","0","distance","30.0","15.0","rate_high","300"
"72","0.0","0","0.0","False","False","0","0","0","0","0","1","228.97071583891898","0.0","0.09072030000243103","full_space_bo","2","medium","72","0.0","0.0","False","0","0","distance","30.0","15.0","rate_high","300"
"73","0.0","0","0.0","False","False","2","0","0","0","0","0","265.61398160099634","0.0","0.0917362000036519","full_space_bo","2","medium","73","0.0","0.0","False","0","0","distance","30.0","15.0","rate_high","300"
"74","0.0","0","0.0","False","False","2","0","0","0","0","0","208.28243274079034","0.0","0.09288860000378918","full_space_bo","2","medium","74","0.0","0.0","False","0","0","distance","30.0","15.0","rate_high","300"
"75","0.0","0","0.0","False","False","2","0","0","0","0","0","217.33039536184052","0.0","0.09435260000464041","full_space_bo","2","medium","75","0.0","0.0","False","0","0","distance","30.0","15.0","rate_high","300"
"76","0.0","0","0.0","False","False","0","0","0","0","0","0","210.9090903011608","0.0","0.09544270000333199","full_space_bo","2","medium","76","0.0","0.0","False","0","0","distance","30.0","15.0","rate_high","300"
"77","0.0","0","0.0","False","False","0","0","0","0","0","1","168.43978972091205","0.0","0.09644480000133626","full_space_bo","2","medium","77","0.0","0.0","False","0","0","distance","30.0","15.0","rate_high","300"
"78","0.0","0","0.0","False","False","1","0","0","0","0","0","157.38059496489208","0.0","0.09739960000297287","full_space_bo","2","medium","78","0.0","0.0","False","0","0","distance","30.0","15.0","rate_high","300"
"79","0.0","0","0.0","False","False","2","0","0","0","0","1","243.99131452215295","0.0","0.09831090000079712","full_space_bo","2","medium","79","0.0","0.0","False","0","0","distance","30.0","15.0","rate_high","300"
"80","0.0","0","0.0","False","False","4","0","0","0","0","0","311.881188872599","0.0","0.09918979999929434","full_space_bo","2","medium","80","0.0","0.0","False","0","0","distance","30.0","15.0","rate_high","300"
"81","0.0","0","0.0","False","False","3","0","0","1","0","0","206.83966460500778","0.0","0.10033890000340762","full_space_bo","2","medium","81","0.0","0.0","False","0","0","distance","30.0","15.0","rate_high","300"
"82","0.0","0","0.0","False","False","0","0","0","0","0","0","165.96136940377005","0.0","0.10102619999815943","full_space_bo","2","medium","82","0.0","0.0","False","0","0","distance","30.0","15.0","rate_high","300"
"83","0.0","0","0.0","False","False","2","0","0","0","0","0","274.50754897381546","0.0","0.1016989999989164","full_space_bo","2","medium","83","0.0","0.0","False","0","0","distance","30.0","15.0","rate_high","300"
"84","0.0","0","0.0","False","False","2","0","0","0","0","0","249.40687475269846","0.0","0.10239420000289101","full_space_bo","2","medium","84","0.0","0.0","False","0","0","distance","30.0","15.0","rate_high","300"
"85","0.0","0","0.0","False","False","1","0","0","0","0","2","192.08899231562904","0.0","0.10349960000166902","full_space_bo","2","medium","85","0.0","0.0","False","0","0","distance","30.0","15.0","rate_high","300"
"86","0.0","0","0.0","False","False","2","0","0","1","0","0","154.3636734234924","0.0","0.10419859999819892","full_space_bo","2","medium","86","0.0","0.0","False","0","0","distance","30.0","15.0","rate_high","300"
"87","0.0","0","0.0","False","False","1","0","0","1","0","0","196.7674784555744","0.0","0.10486459999810904","full_space_bo","2","medium","87","0.0","0.0","False","0","0","distance","30.0","15.0","rate_high","300"
"88","0.0","0","0.0","False","False","2","0","0","2","0","0","158.831958508873","0.0","0.10561969999980647","full_space_bo","2","medium","88","0.0","0.0","False","0","0","distance","30.0","15.0","rate_high","300"
"89","0.0","0","0.0","False","False","1","0","0","0","0","1","202.21602464571401","0.0","0.10651730000245152","full_space_bo","2","medium","89","0.0","0.0","False","0","0","distance","30.0","15.0","rate_high","300"
"90","0.0","0","0.0","False","False","1","0","0","0","0","0","237.22809492768917","0.0","0.10726720000093337","full_space_bo","2","medium","90","0.0","0.0","False","0","0","distance","30.0","15.0","rate_high","300"
"91","0.0","0","0.0","False","False","1","0","0","0","0","1","236.03710050227681","0.0","0.10794110000279034","full_space_bo","2","medium","91","0.0","0.0","False","0","0","distance","30.0","15.0","rate_high","300"
"92","0.0","0","0.0","False","False","0","0","0","0","0","2","197.8213443412342","0.0","0.10860360000515357","full_space_bo","2","medium","92","0.0","0.0","False","0","0","distance","30.0","15.0","rate_high","300"
"93","0.0","0","0.0","False","False","1","0","0","0","0","0","275.044512478119","0.0","0.10928399999829708","full_space_bo","2","medium","93","0.0","0.0","False","0","0","distance","30.0","15.0","rate_high","300"
"94","0.0","0","0.0","False","False","1","0","0","0","0","1","198.1192868956398","0.0","0.11002390000066953","full_space_bo","2","medium","94","0.0","0.0","False","0","0","distance","30.0","15.0","rate_high","300"
"95","0.0","0","0.0","False","False","2","0","0","0","0","1","217.1857876120596","0.0","0.11079980000067735","full_space_bo","2","medium","95","0.0","0.0","False","0","0","distance","30.0","15.0","rate_high","300"
"96","0.0","0","0.0","False","False","2","0","0","0","0","1","230.94493186607087","0.0","0.1119403000047896","full_space_bo","2","medium","96","0.0","0.0","False","0","0","distance","30.0","15.0","rate_high","300"
"97","0.0","0","0.0","False","False","1","0","0","0","0","0","269.23465495162895","0.0","0.11281180000514723","full_space_bo","2","medium","97","0.0","0.0","False","0","0","distance","30.0","15.0","rate_high","300"
"98","0.0","0","0.0","False","False","0","0","0","0","0","1","270.9355044937592","0.0","0.11349970000446774","full_space_bo","2","medium","98","0.0","0.0","False","0","0","distance","30.0","15.0","rate_high","300"
"99","0.0","0","0.0","False","False","3","0","0","0","0","2","263.3198203994632","0.0","0.11421140000311425","full_space_bo","2","medium","99","0.0","0.0","False","0","0","distance","30.0","15.0","rate_high","300"
"100","0.0","0","0.0","False","False","3","0","0","0","0","0","293.4318513499513","0.0","0.11512000000220723","full_space_bo","2","medium","100","0.0","0.0","False","0","0","distance","30.0","15.0","rate_high","300"
"101","0.0","0","0.0","False","False","0","0","0","0","0","1","291.77385861466047","0.0","0.11597379999875557","full_space_bo","2","medium","101","0.0","0.0","False","0","0","distance","30.0","15.0","rate_high","300"
"102","0.0","0","0.0","False","False","0","0","0","0","0","0","245.86008523807337","0.0","0.11679749999893829","full_space_bo","2","medium","102","0.0","0.0","False","0","0","distance","30.0","15.0","rate_high","300"
"103","0.0","0","0.0","False","False","1","0","0","0","0","1","213.19708329281167","0.0","0.11759080000047106","full_space_bo","2","medium","103","0.0","0.0","False","0","0","distance","30.0","15.0","rate_high","300"
"104","0.0","0","0.0","False","False","1","0","0","0","0","0","275.764514564005","0.0","0.1186777000039001","full_space_bo","2","medium","104","0.0","0.0","False","0","0","distance","30.0","15.0","rate_high","300"
"105","0.0","0","0.0","False","False","1","0","0","0","0","0","205.56536295060613","0.0","0.1196434000012232","full_space_bo","2","medium","105","0.0","0.0","False","0","0","distance","30.0","15.0","rate_high","300"
"106","0.0","0","0.0","False","False","1","0","0","0","0","1","193.4743967757456","0.0","0.12034910000511445","full_space_bo","2","medium","106","0.0","0.0","False","0","0","distance","30.0","15.0","rate_high","300"
"107","0.0","0","0.0","False","False","0","0","0","0","0","1","193.612447650127","0.0","0.12106990000029327","full_space_bo","2","medium","107","0.0","0.0","False","0","0","distance","30.0","15.0","rate_high","300"
"108","0.0","0","0.0","False","False","1","0","0","0","0","0","166.46044517157367","0.0","0.12180179999995744","full_space_bo","2","medium","108","0.0","0.0","False","0","0","distance","30.0","15.0","rate_high","300"
"109","0.0","0","0.0","False","False","3","0","0","0","0","0","241.21603484740362","0.0","0.12251340000511846","full_space_bo","2","medium","109","0.0","0.0","False","0","0","distance","30.0","15.0","rate_high","300"
"110","0.0","0","0.0","False","False","1","0","0","1","0","0","245.89790588109545","0.0","0.12320410000393167","full_space_bo","2","medium","110","0.0","0.0","False","0","0","distance","30.0","15.0","rate_high","300"
"111","0.0","0","0.0","False","False","1","0","0","0","0","1","253.64008864987616","0.0","0.12412659999972675","full_space_bo","2","medium","111","0.0","0.0","False","0","0","distance","30.0","15.0","rate_high","300"
"112","0.0","0","0.0","False","False","0","0","0","0","0","1","187.37161000432232","0.0","0.12487230000260752","full_space_bo","2","medium","112","0.0","0.0","False","0","0","distance","30.0","15.0","rate_high","300"
"113","0.0","0","0.0","False","False","1","0","0","0","0","1","250.19630359250436","0.0","0.12554610000370303","full_space_bo","2","medium","113","0.0","0.0","False","0","0","distance","30.0","15.0","rate_high","300"
"114","0.0","0","0.0","False","False","1","0","0","0","0","1","178.58842972620542","0.0","0.12620800000149757","full_space_bo","2","medium","114","0.0","0.0","False","0","0","distance","30.0","15.0","rate_high","300"
"115","0.0","0","0.0","False","False","2","0","0","0","0","1","235.88962821968454","0.0","0.12686560000292957","full_space_bo","2","medium","115","0.0","0.0","False","0","0","distance","30.0","15.0","rate_high","300"
"116","0.0","0","0.0","False","False","0","0","0","0","0","0","164.3984236645256","0.0","0.12752270000055432","full_space_bo","2","medium","116","0.0","0.0","False","0","0","distance","30.0","15.0","rate_high","300"
"117","0.0","0","0.0","False","False","1","0","0","0","0","0","192.8559955524159","0.0","0.1281816000046092","full_space_bo","2","medium","117","0.0","0.0","False","0","0","distance","30.0","15.0","rate_high","300"
"118","0.0","0","0.0","False","False","2","0","0","0","0","0","284.24763160385083","0.0","0.12884399999893503","full_space_bo","2","medium","118","0.0","0.0","False","0","0","distance","30.0","15.0","rate_high","300"
"119","0.0","0","0.0","False","False","2","0","0","0","0","0","251.9478774140402","0.0","0.12950480000290554","full_space_bo","2","medium","119","0.0","0.0","False","0","0","distance","30.0","15.0","rate_high","300"
"120","0.0","0","0.0","False","False","2","0","0","0","0","0","201.4069545655214","0.0","0.13037179999810178","full_space_bo","2","medium","120","0.0","0.0","False","0","0","distance","30.0","15.0","rate_high","300"
"121","0.0","0","0.0","False","False","0","0","0","0","0","0","207.50336187631785","0.0","0.13107380000292324","full_space_bo","2","medium","121","0.0","0.0","False","0","0","distance","30.0","15.0","rate_high","300"
"122","0.0","0","0.0","False","False","4","0","0","0","0","0","237.7810597126106","0.0","0.13175269999919692","full_space_bo","2","medium","122","0.0","0.0","False","0","0","distance","30.0","15.0","rate_high","300"
"123","0.0","0","0.0","False","False","1","0","0","0","0","0","207.7797624858462","0.0","0.1324282999994466","full_space_bo","2","medium","123","0.0","0.0","False","0","0","distance","30.0","15.0","rate_high","300"
"124","0.0","0","0.0","False","False","2","0","0","2","0","0","217.6429462041746","0.0","0.13310240000282647","full_space_bo","2","medium","124","0.0","0.0","False","0","0","distance","30.0","15.0","rate_high","300"
"125","0.0","0","0.0","False","False","2","0","0","0","0","1","220.41048162129277","0.0","0.1337677999981679","full_space_bo","2","medium","125","0.0","0.0","False","0","0","distance","30.0","15.0","rate_high","300"
"126","0.0","0","0.0","False","False","2","0","0","0","0","2","274.56058191250804","0.0","0.1345562999995309","full_space_bo","2","medium","126","0.0","0.0","False","0","0","distance","30.0","15.0","rate_high","300"
"127","0.0","0","0.0","False","False","0","0","0","0","0","0","198.64487538829115","0.0","0.13523610000265762","full_space_bo","2","medium","127","0.0","0.0","False","0","0","distance","30.0","15.0","rate_high","300"
"128","0.0","0","0.0","False","False","2","0","0","0","0","1","304.99180995063597","0.0","0.13601349999953527","full_space_bo","2","medium","128","0.0","0.0","False","0","0","distance","30.0","15.0","rate_high","300"
"129","0.0","0","0.0","False","False","1","0","0","0","0","1","139.82495639185817","0.0","0.136810100004368","full_space_bo","2","medium","129","0.0","0.0","False","0","0","distance","30.0","15.0","rate_high","300"
"130","0.0","0","0.0","False","False","2","0","0","0","0","0","263.31487793407103","0.0","0.13749970000208123","full_space_bo","2","medium","130","0.0","0.0","False","0","0","distance","30.0","15.0","rate_high","300"
"131","0.0","0","0.0","False","False","1","0","0","0","0","1","209.5200687787844","0.0","0.13817720000224654","full_space_bo","2","medium","131","0.0","0.0","False","0","0","distance","30.0","15.0","rate_high","300"
"132","0.0","0","0.0","False","False","1","0","0","0","0","1","284.5410690319222","0.0","0.1388513999991119","full_space_bo","2","medium","132","0.0","0.0","False","0","0","distance","30.0","15.0","rate_high","300"
"133","0.0","0","0.0","False","False","1","0","0","0","0","0","214.31149851167373","0.0","0.1395189000031678","full_space_bo","2","medium","133","0.0","0.0","False","0","0","distance","30.0","15.0","rate_high","300"
"134","0.0","0","0.0","False","False","1","0","0","0","0","1","271.1007516959171","0.0","0.14018619999842485","full_space_bo","2","medium","134","0.0","0.0","False","0","0","distance","30.0","15.0","rate_high","300"
"135","0.0","0","0.0","False","False","3","0","0","0","0","1","185.777741638431","0.0","0.14086949999909848","full_space_bo","2","medium","135","0.0","0.0","False","0","0","distance","30.0","15.0","rate_high","300"
"136","0.0","0","0.0","False","False","2","0","0","0","0","0","205.41123882288858","0.0","0.1415333000040846","full_space_bo","2","medium","136","0.0","0.0","False","0","0","distance","30.0","15.0","rate_high","300"
"137","0.0","0","0.0","False","False","1","0","0","0","0","0","177.03719011630247","0.0","0.14243630000419216","full_space_bo","2","medium","137","0.0","0.0","False","0","0","distance","30.0","15.0","rate_high","300"
"138","0.0","0","0.0","False","False","2","0","0","0","0","0","195.67148358401818","0.0","0.14315239999996265","full_space_bo","2","medium","138","0.0","0.0","False","0","0","distance","30.0","15.0","rate_high","300"
"139","0.0","0","0.0","False","False","5","0","0","0","0","0","152.34996215627882","0.0","0.14382860000478104","full_space_bo","2","medium","139","0.0","0.0","False","0","0","distance","30.0","15.0","rate_high","300"
"140","0.0","0","0.0","False","False","0","0","0","0","0","0","259.7266299751528","0.0","0.14449640000384534","full_space_bo","2","medium","140","0.0","0.0","False","0","0","distance","30.0","15.0","rate_high","300"
"141","0.0","0","0.0","False","False","1","0","0","0","0","0","190.34773153516508","0.0","0.14515680000477005","full_space_bo","2","medium","141","0.0","0.0","False","0","0","distance","30.0","15.0","rate_high","300"
"142","0.0","0","0.0","False","False","0","0","0","0","0","0","279.27896340761055","0.0","0.14581850000104168","full_space_bo","2","medium","142","0.0","0.0","False","0","0","distance","30.0","15.0","rate_high","300"
"143","0.0","0","0.0","False","False","1","0","0","0","0","0","218.2375109623271","0.0","0.1464817000014591","full_space_bo","2","medium","143","0.0","0.0","False","0","0","distance","30.0","15.0","rate_high","300"
"144","0.0","0","0.0","False","False","1","0","0","0","0","1","145.04865460551574","0.0","0.14714200000162236","full_space_bo","2","medium","144","0.0","0.0","False","0","0","distance","30.0","15.0","rate_high","300"
"145","0.0","0","0.0","False","False","1","0","0","0","0","0","245.37873050438742","0.0","0.14779980000457726","full_space_bo","2","medium","145","0.0","0.0","False","0","0","distance","30.0","15.0","rate_high","300"
"146","0.0","0","0.0","False","False","2","0","0","0","0","0","276.3080655099857","0.0","0.14890100000047823","full_space_bo","2","medium","146","0.0","0.0","False","0","0","distance","30.0","15.0","rate_high","300"
"147","0.0","0","0.0","False","False","3","0","0","1","0","0","284.42044086490466","0.0","0.14967279999837046","full_space_bo","2","medium","147","0.0","0.0","False","0","0","distance","30.0","15.0","rate_high","300"
"148","0.0","0","0.0","False","False","2","0","0","0","0","0","222.93985722116744","0.0","0.15035850000276696","full_space_bo","2","medium","148","0.0","0.0","False","0","0","distance","30.0","15.0","rate_high","300"
"149","0.0","0","0.0","False","False","3","0","0","0","0","0","196.64087871212007","0.0","0.15103839999937918","full_space_bo","2","medium","149","0.0","0.0","False","0","0","distance","30.0","15.0","rate_high","300"
"150","0.0","0","0.0","False","False","1","0","0","1","0","1","187.86199977323835","0.0","0.15170990000478923","full_space_bo","2","medium","150","0.0","0.0","False","0","0","distance","30.0","15.0","rate_high","300"
"151","0.0","0","0.0","False","False","4","0","0","1","0","0","148.55107434522435","0.0","0.1523758000039379","full_space_bo","2","medium","151","0.0","0.0","False","0","0","distance","30.0","15.0","rate_high","300"
"152","0.0","0","0.0","False","False","0","0","0","0","0","0","174.38015729156513","0.0","0.15303810000477824","full_space_bo","2","medium","152","0.0","0.0","False","0","0","distance","30.0","15.0","rate_high","300"
"153","0.0","0","0.0","False","False","1","0","0","0","0","1","270.85430086478505","0.0","0.15370670000265818","full_space_bo","2","medium","153","0.0","0.0","False","0","0","distance","30.0","15.0","rate_high","300"
"154","0.0","0","0.0","False","False","1","0","0","0","0","0","255.17997195919708","0.0","0.15459499999997206","full_space_bo","2","medium","154","0.0","0.0","False","0","0","distance","30.0","15.0","rate_high","300"
"155","0.0","0","0.0","False","False","3","0","0","0","0","0","238.8083072497863","0.0","0.15529020000394667","full_space_bo","2","medium","155","0.0","0.0","False","0","0","distance","30.0","15.0","rate_high","300"
"156","0.0","0","0.0","False","False","2","0","0","0","0","0","236.65597683481263","0.0","0.15595870000106515","full_space_bo","2","medium","156","0.0","0.0","False","0","0","distance","30.0","15.0","rate_high","300"
"157","0.0","0","0.0","False","False","1","0","0","0","0","1","194.84652151130948","0.0","0.15662800000427524","full_space_bo","2","medium","157","0.0","0.0","False","0","0","distance","30.0","15.0","rate_high","300"
"158","0.0","0","0.0","False","False","2","0","0","0","0","0","223.69413912493582","0.0","0.1572946000014781","full_space_bo","2","medium","158","0.0","0.0","False","0","0","distance","30.0","15.0","rate_high","300"
"159","0.0","0","0.0","False","False","3","0","0","0","0","0","219.54590791766455","0.0","0.15796060000138823","full_space_bo","2","medium","159","0.0","0.0","False","0","0","distance","30.0","15.0","rate_high","300"
"160","0.0","0","0.0","False","False","1","0","0","0","0","0","271.28435304960385","0.0","0.1586278000031598","full_space_bo","2","medium","160","0.0","0.0","False","0","0","distance","30.0","15.0","rate_high","300"
"161","0.0","0","0.0","False","False","1","0","0","0","0","1","272.1574053934298","0.0","0.15929200000391575","full_space_bo","2","medium","161","0.0","0.0","False","0","0","distance","30.0","15.0","rate_high","300"
"162","0.0","0","0.0","False","False","1","0","0","0","0","1","214.515511333671","0.0","0.15995870000188006","full_space_bo","2","medium","162","0.0","0.0","False","0","0","distance","30.0","15.0","rate_high","300"
"163","0.0","0","0.0","False","False","2","0","0","1","0","1","195.61440696568377","0.0","0.16095299999869894","full_space_bo","2","medium","163","0.0","0.0","False","0","0","distance","30.0","15.0","rate_high","300"
"164","0.0","0","0.0","False","False","3","0","0","0","0","0","289.9893904647382","0.0","0.16164869999920484","full_space_bo","2","medium","164","0.0","0.0","False","0","0","distance","30.0","15.0","rate_high","300"
"165","0.0","0","0.0","False","False","2","0","0","0","0","0","249.46908359552333","0.0","0.16232450000097742","full_space_bo","2","medium","165","0.0","0.0","False","0","0","distance","30.0","15.0","rate_high","300"
"166","0.0","0","0.0","False","False","1","0","0","0","0","2","247.96521925348975","0.0","0.16298919999826467","full_space_bo","2","medium","166","0.0","0.0","False","0","0","distance","30.0","15.0","rate_high","300"
"167","0.0","0","0.0","False","False","1","0","0","0","0","0","207.01918178068144","0.0","0.16410529999848222","full_space_bo","2","medium","167","0.0","0.0","False","0","0","distance","30.0","15.0","rate_high","300"
"168","0.0","0","0.0","False","False","0","0","0","0","0","2","171.99394790520316","0.0","0.16528059999836842","full_space_bo","2","medium","168","0.0","0.0","False","0","0","distance","30.0","15.0","rate_high","300"
"169","0.0","0","0.0","False","False","1","0","0","0","0","0","284.5583897853405","0.0","0.16667170000437181","full_space_bo","2","medium","169","0.0","0.0","False","0","0","distance","30.0","15.0","rate_high","300"
"170","0.0","0","0.0","False","False","3","0","0","0","0","0","305.943076064002","0.0","0.16742920000251615","full_space_bo","2","medium","170","0.0","0.0","False","0","0","distance","30.0","15.0","rate_high","300"
"171","0.0","0","0.0","False","False","1","0","0","0","0","0","232.45173123489218","0.0","0.16810830000031274","full_space_bo","2","medium","171","0.0","0.0","False","0","0","distance","30.0","15.0","rate_high","300"
"172","0.0","0","0.0","False","False","1","0","0","0","0","0","244.80175978115122","0.0","0.1687781000000541","full_space_bo","2","medium","172","0.0","0.0","False","0","0","distance","30.0","15.0","rate_high","300"
"173","0.0","0","0.0","False","False","2","0","0","0","0","2","156.98296467804025","0.0","0.16944430000148714","full_space_bo","2","medium","173","0.0","0.0","False","0","0","distance","30.0","15.0","rate_high","300"
"174","0.0","0","0.0","False","False","1","0","0","0","0","0","254.62050371353732","0.0","0.17010609999852022","full_space_bo","2","medium","174","0.0","0.0","False","0","0","distance","30.0","15.0","rate_high","300"
"175","0.0","0","0.0","False","False","1","0","0","0","0","1","198.35845261716582","0.0","0.17076729999826057","full_space_bo","2","medium","175","0.0","0.0","False","0","0","distance","30.0","15.0","rate_high","300"
"176","0.0","0","0.0","False","False","0","0","0","0","0","0","229.90272723800794","0.0","0.17142710000189254","full_space_bo","2","medium","176","0.0","0.0","False","0","0","distance","30.0","15.0","rate_high","300"
"177","0.0","0","0.0","False","False","0","0","0","0","0","1","220.56617222561744","0.0","0.17208950000349432","full_space_bo","2","medium","177","0.0","0.0","False","0","0","distance","30.0","15.0","rate_high","300"
"178","0.0","0","0.0","False","False","0","0","0","0","0","1","141.68686937287134","0.0","0.1729717000052915","full_space_bo","2","medium","178","0.0","0.0","False","0","0","distance","30.0","15.0","rate_high","300"
"179","0.0","0","0.0","False","False","5","0","0","0","0","1","200.54561642849933","0.0","0.1736635000052047","full_space_bo","2","medium","179","0.0","0.0","False","0","0","distance","30.0","15.0","rate_high","300"
"180","0.0","0","0.0","False","False","2","0","0","1","0","1","216.62992624299892","0.0","0.17433729999902425","full_space_bo","2","medium","180","0.0","0.0","False","0","0","distance","30.0","15.0","rate_high","300"
"181","0.0","0","0.0","False","False","2","0","0","0","0","0","233.72592363847613","0.0","0.17500460000155726","full_space_bo","2","medium","181","0.0","0.0","False","0","0","distance","30.0","15.0","rate_high","300"
"182","0.0","0","0.0","False","False","2","0","0","0","0","0","283.4151953493857","0.0","0.17566530000476632","full_space_bo","2","medium","182","0.0","0.0","False","0","0","distance","30.0","15.0","rate_high","300"
"183","0.0","0","0.0","False","False","1","0","0","0","0","0","232.38863249933993","0.0","0.17632810000213794","full_space_bo","2","medium","183","0.0","0.0","False","0","0","distance","30.0","15.0","rate_high","300"
"184","0.0","0","0.0","False","False","2","0","0","0","0","1","235.1892820615657","0.0","0.17698989999917103","full_space_bo","2","medium","184","0.0","0.0","False","0","0","distance","30.0","15.0","rate_high","300"
"185","0.0","0","0.0","False","False","1","0","0","0","0","1","165.13318580651728","0.0","0.17765150000195717","full_space_bo","2","medium","185","0.0","0.0","False","0","0","distance","30.0","15.0","rate_high","300"
"186","0.0","0","0.0","False","False","1","0","0","0","0","2","224.49616105091718","0.0","0.17842499999824213","full_space_bo","2","medium","186","0.0","0.0","False","0","0","distance","30.0","15.0","rate_high","300"
"187","0.0","0","0.0","False","False","1","0","0","0","0","1","194.35779332264832","0.0","0.179344600001059","full_space_bo","2","medium","187","0.0","0.0","False","0","0","distance","30.0","15.0","rate_high","300"
"188","0.0","0","0.0","False","False","0","0","0","0","0","2","258.0844275891304","0.0","0.18012280000402825","full_space_bo","2","medium","188","0.0","0.0","False","0","0","distance","30.0","15.0","rate_high","300"
"189","0.0","0","0.0","False","False","2","0","0","0","0","2","197.87673340716407","0.0","0.18081769999844255","full_space_bo","2","medium","189","0.0","0.0","False","0","0","distance","30.0","15.0","rate_high","300"
"190","0.0","0","0.0","False","False","1","0","0","0","0","0","258.88496566948305","0.0","0.18149880000419216","full_space_bo","2","medium","190","0.0","0.0","False","0","0","distance","30.0","15.0","rate_high","300"
"191","0.0","0","0.0","False","False","0","0","0","0","0","0","198.549331614099","0.0","0.1821672000005492","full_space_bo","2","medium","191","0.0","0.0","False","0","0","distance","30.0","15.0","rate_high","300"
"192","0.0","0","0.0","False","False","3","0","0","0","0","0","287.29958074022704","0.0","0.18283830000291346","full_space_bo","2","medium","192","0.0","0.0","False","0","0","distance","30.0","15.0","rate_high","300"
"193","0.0","0","0.0","False","False","2","0","0","1","0","1","173.07800820590265","0.0","0.18350790000113193","full_space_bo","2","medium","193","0.0","0.0","False","0","0","distance","30.0","15.0","rate_high","300"
"194","0.0","0","0.0","False","False","2","0","0","0","0","0","201.45388095956943","0.0","0.18417820000468055","full_space_bo","2","medium","194","0.0","0.0","False","0","0","distance","30.0","15.0","rate_high","300"
"195","0.0","0","0.0","False","False","2","0","0","1","0","0","199.21616381830918","0.0","0.18509990000166","full_space_bo","2","medium","195","0.0","0.0","False","0","0","distance","30.0","15.0","rate_high","300"
"196","0.0","0","0.0","False","False","0","0","0","0","0","0","228.6974451839759","0.0","0.1857878000009805","full_space_bo","2","medium","196","0.0","0.0","False","0","0","distance","30.0","15.0","rate_high","300"
"197","0.0","0","0.0","False","False","2","0","0","0","0","0","258.90773997218565","0.0","0.18645960000139894","full_space_bo","2","medium","197","0.0","0.0","False","0","0","distance","30.0","15.0","rate_high","300"
"198","0.0","0","0.0","False","False","2","0","0","0","0","0","176.30049977921018","0.0","0.18713260000367882","full_space_bo","2","medium","198","0.0","0.0","False","0","0","distance","30.0","15.0","rate_high","300"
"199","0.0","0","0.0","False","False","2","0","0","0","0","0","206.9009758126597","0.0","0.18781029999809107","full_space_bo","2","medium","199","0.0","0.0","False","0","0","distance","30.0","15.0","rate_high","300"
"200","0.0","0","0.0","False","False","1","0","0","0","0","2","275.79811953759804","0.0","0.1885298999986844","full_space_bo","2","medium","200","0.0","0.0","False","0","0","distance","30.0","15.0","rate_high","300"
"201","0.0","0","0.0","False","False","1","0","0","0","0","0","264.9598587399195","0.0","0.1892876999991131","full_space_bo","2","medium","201","0.0","0.0","False","0","0","distance","30.0","15.0","rate_high","300"
"202","0.0","0","0.0","False","False","0","0","0","0","0","0","276.0736110835349","0.0","0.19009770000411663","full_space_bo","2","medium","202","0.0","0.0","False","0","0","distance","30.0","15.0","rate_high","300"
"203","0.0","0","0.0","False","False","1","0","0","0","0","1","206.71109513874944","0.0","0.19129249999969034","full_space_bo","2","medium","203","0.0","0.0","False","0","0","distance","30.0","15.0","rate_high","300"
"204","0.0","0","0.0","False","False","1","0","0","0","0","0","219.71884205656616","0.0","0.19232760000159033","full_space_bo","2","medium","204","0.0","0.0","False","0","0","distance","30.0","15.0","rate_high","300"
"205","0.0","0","0.0","False","False","3","0","0","0","0","0","188.76990137065297","0.0","0.19333670000196435","full_space_bo","2","medium","205","0.0","0.0","False","0","0","distance","30.0","15.0","rate_high","300"
"206","0.0","0","0.0","False","False","3","0","0","1","0","0","173.26148694624058","0.0","0.19434860000183107","full_space_bo","2","medium","206","0.0","0.0","False","0","0","distance","30.0","15.0","rate_high","300"
"207","0.0","0","0.0","False","False","2","0","0","0","0","2","246.66367912838348","0.0","0.19571200000063982","full_space_bo","2","medium","207","0.0","0.0","False","0","0","distance","30.0","15.0","rate_high","300"
"208","0.0","0","0.0","False","False","0","0","0","0","0","1","167.85298464940962","0.0","0.19709829999919748","full_space_bo","2","medium","208","0.0","0.0","False","0","0","distance","30.0","15.0","rate_high","300"
"209","0.0","0","0.0","False","False","0","0","0","0","0","1","246.70228860435836","0.0","0.19819190000271192","full_space_bo","2","medium","209","0.0","0.0","False","0","0","distance","30.0","15.0","rate_high","300"
"210","0.0","0","0.0","False","False","0","0","0","0","0","0","243.66532388690197","0.0","0.19932240000343882","full_space_bo","2","medium","210","0.0","0.0","False","0","0","distance","30.0","15.0","rate_high","300"
"211","0.0","0","0.0","False","False","1","0","0","0","0","0","180.0939720519856","0.0","0.20049529999960214","full_space_bo","2","medium","211","0.0","0.0","False","0","0","distance","30.0","15.0","rate_high","300"
"212","0.0","0","0.0","False","False","1","0","0","0","0","0","240.2534919114865","0.0","0.20170860000507673","full_space_bo","2","medium","212","0.0","0.0","False","0","0","distance","30.0","15.0","rate_high","300"
"213","0.0","0","0.0","False","False","2","0","0","0","0","0","323.6637835069677","0.0","0.20320820000051754","full_space_bo","2","medium","213","0.0","0.0","False","0","0","distance","30.0","15.0","rate_high","300"
"214","0.0","0","0.0","False","False","0","0","0","0","0","0","255.2672161642448","0.0","0.20434820000082254","full_space_bo","2","medium","214","0.0","0.0","False","0","0","distance","30.0","15.0","rate_high","300"
"215","0.0","0","0.0","False","False","3","0","0","0","0","0","211.46999077996904","0.0","0.20547179999994114","full_space_bo","2","medium","215","0.0","0.0","False","0","0","distance","30.0","15.0","rate_high","300"
"216","0.0","0","0.0","False","False","1","0","0","0","0","1","182.9889237550191","0.0","0.20661290000134613","full_space_bo","2","medium","216","0.0","0.0","False","0","0","distance","30.0","15.0","rate_high","300"
"217","0.0","0","0.0","False","False","1","0","0","0","0","0","185.6920317390587","0.0","0.20775310000317404","full_space_bo","2","medium","217","0.0","0.0","False","0","0","distance","30.0","15.0","rate_high","300"
"218","0.0","0","0.0","False","False","0","0","0","0","0","1","219.28633647108458","0.0","0.20938549999846146","full_space_bo","2","medium","218","0.0","0.0","False","0","0","distance","30.0","15.0","rate_high","300"
"219","0.0","0","0.0","False","False","3","0","0","0","0","0","268.32984337072804","0.0","0.21054559999902267","full_space_bo","2","medium","219","0.0","0.0","False","0","0","distance","30.0","15.0","rate_high","300"
"220","0.0","0","0.0","False","False","2","0","0","1","0","1","272.00301144214797","0.0","0.21160780000354862","full_space_bo","2","medium","220","0.0","0.0","False","0","0","distance","30.0","15.0","rate_high","300"
"221","0.0","0","0.0","False","False","1","0","0","0","0","0","215.73791477256228","0.0","0.21265670000138925","full_space_bo","2","medium","221","0.0","0.0","False","0","0","distance","30.0","15.0","rate_high","300"
"222","0.0","0","0.0","False","False","2","0","0","0","0","0","229.03053689439056","0.0","0.2137023000032059","full_space_bo","2","medium","222","0.0","0.0","False","0","0","distance","30.0","15.0","rate_high","300"
"223","0.0","0","0.0","False","False","0","0","0","0","0","0","285.5821613552305","0.0","0.2151224000044749","full_space_bo","2","medium","223","0.0","0.0","False","0","0","distance","30.0","15.0","rate_high","300"
"224","0.0","0","0.0","False","False","1","0","0","1","0","0","263.51357404204117","0.0","0.2162506000022404","full_space_bo","2","medium","224","0.0","0.0","False","0","0","distance","30.0","15.0","rate_high","300"
"225","0.0","0","0.0","False","False","1","0","0","0","0","0","237.01373363967568","0.0","0.21729100000084145","full_space_bo","2","medium","225","0.0","0.0","False","0","0","distance","30.0","15.0","rate_high","300"
"226","0.0","0","0.0","False","False","1","0","0","0","0","1","236.36262538555016","0.0","0.21831110000493936","full_space_bo","2","medium","226","0.0","0.0","False","0","0","distance","30.0","15.0","rate_high","300"
"227","0.0","0","0.0","False","False","0","0","0","0","0","2","222.54137375428166","0.0","0.21931580000091344","full_space_bo","2","medium","227","0.0","0.0","False","0","0","distance","30.0","15.0","rate_high","300"
"228","0.0","0","0.0","False","False","1","0","0","0","0","0","176.77514489391456","0.0","0.22031770000467077","full_space_bo","2","medium","228","0.0","0.0","False","0","0","distance","30.0","15.0","rate_high","300"
"229","0.0","0","0.0","False","False","1","0","0","0","0","0","195.82391885366988","0.0","0.22166180000203894","full_space_bo","2","medium","229","0.0","0.0","False","0","0","distance","30.0","15.0","rate_high","300"
"230","0.0","0","0.0","False","False","1","0","0","0","0","0","199.3541812175067","0.0","0.22269460000097752","full_space_bo","2","medium","230","0.0","0.0","False","0","0","distance","30.0","15.0","rate_high","300"
"231","0.0","0","0.0","False","False","1","0","0","0","0","2","157.2454010021137","0.0","0.2236932000014349","full_space_bo","2","medium","231","0.0","0.0","False","0","0","distance","30.0","15.0","rate_high","300"
"232","0.0","0","0.0","False","False","2","0","0","0","0","1","218.4426781383654","0.0","0.22469809999893187","full_space_bo","2","medium","232","0.0","0.0","False","0","0","distance","30.0","15.0","rate_high","300"
"233","0.0","0","0.0","False","False","3","0","0","0","0","0","268.87979511527624","0.0","0.22567330000310903","full_space_bo","2","medium","233","0.0","0.0","False","0","0","distance","30.0","15.0","rate_high","300"
"234","0.0","0","0.0","False","False","3","0","0","0","0","1","221.5216279743831","0.0","0.22663290000491543","full_space_bo","2","medium","234","0.0","0.0","False","0","0","distance","30.0","15.0","rate_high","300"
"235","0.0","0","0.0","False","False","2","0","0","0","0","1","273.34473147518435","0.0","0.22822789999918314","full_space_bo","2","medium","235","0.0","0.0","False","0","0","distance","30.0","15.0","rate_high","300"
"236","0.0","0","0.0","False","False","1","0","0","0","0","0","204.86851363770282","0.0","0.2292745000013383","full_space_bo","2","medium","236","0.0","0.0","False","0","0","distance","30.0","15.0","rate_high","300"
"237","0.0","0","0.0","False","False","0","0","0","0","0","0","285.3059746411841","0.0","0.2303070000052685","full_space_bo","2","medium","237","0.0","0.0","False","0","0","distance","30.0","15.0","rate_high","300"
"238","0.0","0","0.0","False","False","3","0","0","1","0","0","163.68270189771022","0.0","0.23137400000268826","full_space_bo","2","medium","238","0.0","0.0","False","0","0","distance","30.0","15.0","rate_high","300"
"239","0.0","0","0.0","False","False","0","0","0","0","0","0","171.69432297160998","0.0","0.23249200000282144","full_space_bo","2","medium","239","0.0","0.0","False","0","0","distance","30.0","15.0","rate_high","300"
"240","0.0","0","0.0","False","False","3","0","0","2","0","0","229.7495136825727","0.0","0.23540199999843026","full_space_bo","2","medium","240","0.0","0.0","False","0","0","distance","30.0","15.0","rate_high","300"
"241","0.0","0","0.0","False","False","2","0","0","1","0","0","290.14084376933266","0.0","0.23692509999818867","full_space_bo","2","medium","241","0.0","0.0","False","0","0","distance","30.0","15.0","rate_high","300"
"242","0.0","0","0.0","False","False","1","0","0","0","0","1","245.93349586250332","0.0","0.23829549999936717","full_space_bo","2","medium","242","0.0","0.0","False","0","0","distance","30.0","15.0","rate_high","300"
"243","0.0","0","0.0","False","False","2","0","0","0","0","0","254.14811212372481","0.0","0.24040940000122646","full_space_bo","2","medium","243","0.0","0.0","False","0","0","distance","30.0","15.0","rate_high","300"
"244","0.0","0","0.0","False","False","2","0","0","0","0","0","185.2103983448361","0.0","0.24176050000096438","full_space_bo","2","medium","244","0.0","0.0","False","0","0","distance","30.0","15.0","rate_high","300"
"245","0.0","0","0.0","False","False","0","0","0","0","0","1","158.59511601135162","0.0","0.2430478000023868","full_space_bo","2","medium","245","0.0","0.0","False","0","0","distance","30.0","15.0","rate_high","300"
"246","0.0","0","0.0","False","False","1","0","0","1","0","2","150.24536357276577","0.0","0.24431020000338322","full_space_bo","2","medium","246","0.0","0.0","False","0","0","distance","30.0","15.0","rate_high","300"
"247","0.0","0","0.0","False","False","2","0","0","1","0","1","219.47241270024747","0.0","0.2460415000023204","full_space_bo","2","medium","247","0.0","0.0","False","0","0","distance","30.0","15.0","rate_high","300"
"248","0.0","0","0.0","False","False","1","0","0","0","0","0","249.59531811455318","0.0","0.2472644000008586","full_space_bo","2","medium","248","0.0","0.0","False","0","0","distance","30.0","15.0","rate_high","300"
"249","0.0","0","0.0","False","False","1","0","0","0","0","1","215.4075169674796","0.0","0.24843060000421247","full_space_bo","2","medium","249","0.0","0.0","False","0","0","distance","30.0","15.0","rate_high","300"
"250","0.0","0","0.0","False","False","4","0","0","0","0","1","160.64574177337533","0.0","0.24977510000462644","full_space_bo","2","medium","250","0.0","0.0","False","0","0","distance","30.0","15.0","rate_high","300"
"251","0.0","0","0.0","False","False","3","0","0","0","0","1","241.8952319063343","0.0","0.250890100003744","full_space_bo","2","medium","251","0.0","0.0","False","0","0","distance","30.0","15.0","rate_high","300"
"252","0.0","0","0.0","False","False","0","0","0","0","0","2","156.53457455541468","0.0","0.25239719999808585","full_space_bo","2","medium","252","0.0","0.0","False","0","0","distance","30.0","15.0","rate_high","300"
"253","0.0","0","0.0","False","False","0","0","0","0","0","0","204.137974216721","0.0","0.2535873000015272","full_space_bo","2","medium","253","0.0","0.0","False","0","0","distance","30.0","15.0","rate_high","300"
"254","0.0","0","0.0","False","False","0","0","0","0","0","0","279.6917099438287","0.0","0.254738499999803","full_space_bo","2","medium","254","0.0","0.0","False","0","0","distance","30.0","15.0","rate_high","300"
"255","0.0","0","0.0","False","False","0","0","0","0","0","1","205.40779015242316","0.0","0.2558835000018007","full_space_bo","2","medium","255","0.0","0.0","False","0","0","distance","30.0","15.0","rate_high","300"
"256","0.0","0","0.0","False","False","1","0","0","0","0","1","203.20805019447505","0.0","0.2570283000022755","full_space_bo","2","medium","256","0.0","0.0","False","0","0","distance","30.0","15.0","rate_high","300"
"257","0.0","0","0.0","False","False","1","0","0","0","0","1","191.5133746620833","0.0","0.2584612999999081","full_space_bo","2","medium","257","0.0","0.0","False","0","0","distance","30.0","15.0","rate_high","300"
"258","0.0","0","0.0","False","False","0","0","0","0","0","0","286.34720997661424","0.0","0.25959080000029644","full_space_bo","2","medium","258","0.0","0.0","False","0","0","distance","30.0","15.0","rate_high","300"
"259","0.0","0","0.0","False","False","0","0","0","0","0","0","255.80339541219553","0.0","0.2606947000022046","full_space_bo","2","medium","259","0.0","0.0","False","0","0","distance","30.0","15.0","rate_high","300"
"260","0.0","0","0.0","False","False","2","0","0","0","0","1","147.19938435864628","0.0","0.2618183000013232","full_space_bo","2","medium","260","0.0","0.0","False","0","0","distance","30.0","15.0","rate_high","300"
"261","0.0","0","0.0","False","False","2","0","0","1","0","0","151.98838822716584","0.0","0.2628908000042429","full_space_bo","2","medium","261","0.0","0.0","False","0","0","distance","30.0","15.0","rate_high","300"
"262","0.0","0","0.0","False","False","1","0","0","0","0","1","259.75737956366146","0.0","0.26433389999874635","full_space_bo","2","medium","262","0.0","0.0","False","0","0","distance","30.0","15.0","rate_high","300"
"263","0.0","0","0.0","False","False","0","0","0","0","0","0","188.90401934649944","0.0","0.26642960000026505","full_space_bo","2","medium","263","0.0","0.0","False","0","0","distance","30.0","15.0","rate_high","300"
"264","0.0","0","0.0","False","False","4","0","0","0","0","1","196.00891937024846","0.0","0.2677724000022863","full_space_bo","2","medium","264","0.0","0.0","False","0","0","distance","30.0","15.0","rate_high","300"
"265","0.0","0","0.0","False","False","3","0","0","0","0","1","240.9700862225617","0.0","0.2688209000043571","full_space_bo","2","medium","265","0.0","0.0","False","0","0","distance","30.0","15.0","rate_high","300"
"266","0.0","0","0.0","False","False","0","0","0","0","0","1","223.95947899000407","0.0","0.27054430000134744","full_space_bo","2","medium","266","0.0","0.0","False","0","0","distance","30.0","15.0","rate_high","300"
"267","0.0","0","0.0","False","False","2","0","0","0","0","1","202.8975373622283","0.0","0.2717202999992878","full_space_bo","2","medium","267","0.0","0.0","False","0","0","distance","30.0","15.0","rate_high","300"
"268","0.0","0","0.0","False","False","2","0","0","0","0","1","292.9940330449073","0.0","0.27277560000220546","full_space_bo","2","medium","268","0.0","0.0","False","0","0","distance","30.0","15.0","rate_high","300"
"269","0.0","0","0.0","False","False","5","0","0","0","0","0","249.09032931519246","0.0","0.2738739999986137","full_space_bo","2","medium","269","0.0","0.0","False","0","0","distance","30.0","15.0","rate_high","300"
"270","0.0","0","0.0","False","False","1","0","0","0","0","1","251.32528234997284","0.0","0.27503270000306657","full_space_bo","2","medium","270","0.0","0.0","False","0","0","distance","30.0","15.0","rate_high","300"
"271","0.0","0","0.0","False","False","1","0","0","0","0","0","173.391542511888","0.0","0.2766620000038529","full_space_bo","2","medium","271","0.0","0.0","False","0","0","distance","30.0","15.0","rate_high","300"
"272","0.0","0","0.0","False","False","1","0","0","0","0","0","222.19400527679315","0.0","0.27762000000075204","full_space_bo","2","medium","272","0.0","0.0","False","0","0","distance","30.0","15.0","rate_high","300"
"273","0.0","0","0.0","False","False","2","0","0","0","0","0","245.19637452720906","0.0","0.2786675000024843","full_space_bo","2","medium","273","0.0","0.0","False","0","0","distance","30.0","15.0","rate_high","300"
"274","0.0","0","0.0","False","False","1","0","0","0","0","0","257.85523861793394","0.0","0.2798477000033017","full_space_bo","2","medium","274","0.0","0.0","False","0","0","distance","30.0","15.0","rate_high","300"
"275","0.0","0","0.0","False","False","3","0","0","0","0","0","160.2438277252509","0.0","0.2811803000004147","full_space_bo","2","medium","275","0.0","0.0","False","0","0","distance","30.0","15.0","rate_high","300"
"276","0.0","0","0.0","False","False","1","0","0","1","0","0","188.71077282487013","0.0","0.2826982000042335","full_space_bo","2","medium","276","0.0","0.0","False","0","0","distance","30.0","15.0","rate_high","300"
"277","0.0","0","0.0","False","False","1","0","0","0","0","1","213.0892342266987","0.0","0.2838058000052115","full_space_bo","2","medium","277","0.0","0.0","False","0","0","distance","30.0","15.0","rate_high","300"
"278","0.0","0","0.0","False","False","2","0","0","2","0","1","127.75374474605897","0.0","0.2849337000006926","full_space_bo","2","medium","278","0.0","0.0","False","0","0","distance","30.0","15.0","rate_high","300"
"279","0.0","0","0.0","False","False","1","0","0","0","0","0","178.8345507904511","0.0","0.2860396000032779","full_space_bo","2","medium","279","0.0","0.0","False","0","0","distance","30.0","15.0","rate_high","300"
"280","0.0","0","0.0","False","False","2","0","0","0","0","0","204.62457880998122","0.0","0.28713860000425484","full_space_bo","2","medium","280","0.0","0.0","False","0","0","distance","30.0","15.0","rate_high","300"
"281","0.0","0","0.0","False","False","1","0","0","0","0","2","165.35355198971348","0.0","0.288680600002408","full_space_bo","2","medium","281","0.0","0.0","False","0","0","distance","30.0","15.0","rate_high","300"
"282","0.0","0","0.0","False","False","2","0","0","0","0","0","201.92469964203553","0.0","0.28980240000237245","full_space_bo","2","medium","282","0.0","0.0","False","0","0","distance","30.0","15.0","rate_high","300"
"283","0.0","0","0.0","False","False","4","0","0","1","0","0","146.6640292812817","0.0","0.2908686000009766","full_space_bo","2","medium","283","0.0","0.0","False","0","0","distance","30.0","15.0","rate_high","300"
"284","0.0","0","0.0","False","False","3","0","0","1","0","0","207.5454739413435","0.0","0.29192560000228696","full_space_bo","2","medium","284","0.0","0.0","False","0","0","distance","30.0","15.0","rate_high","300"
"285","0.0","0","0.0","False","False","2","0","0","1","0","2","228.3714690761939","0.0","0.2929733999990276","full_space_bo","2","medium","285","0.0","0.0","False","0","0","distance","30.0","15.0","rate_high","300"
"286","0.0","0","0.0","False","False","2","0","0","0","0","1","163.4364984064977","0.0","0.2943209000004572","full_space_bo","2","medium","286","0.0","0.0","False","0","0","distance","30.0","15.0","rate_high","300"
"287","0.0","0","0.0","False","False","2","0","0","0","0","0","211.18261136215096","0.0","0.2953516999987187","full_space_bo","2","medium","287","0.0","0.0","False","0","0","distance","30.0","15.0","rate_high","300"
"288","0.0","0","0.0","False","False","2","0","0","1","0","1","224.27289043417474","0.0","0.29637889999867184","full_space_bo","2","medium","288","0.0","0.0","False","0","0","distance","30.0","15.0","rate_high","300"
"289","0.0","0","0.0","False","False","0","0","0","0","0","0","204.9891820160334","0.0","0.297406099998625","full_space_bo","2","medium","289","0.0","0.0","False","0","0","distance","30.0","15.0","rate_high","300"
"290","0.0","0","0.0","False","False","2","0","0","0","0","1","239.2215038032893","0.0","0.29841039999882923","full_space_bo","2","medium","290","0.0","0.0","False","0","0","distance","30.0","15.0","rate_high","300"
"291","0.0","0","0.0","False","False","1","0","0","0","0","0","244.1518098473582","0.0","0.29939010000089183","full_space_bo","2","medium","291","0.0","0.0","False","0","0","distance","30.0","15.0","rate_high","300"
"292","0.0","0","0.0","False","False","3","0","0","0","0","1","177.56946205765723","0.0","0.3007648999991943","full_space_bo","2","medium","292","0.0","0.0","False","0","0","distance","30.0","15.0","rate_high","300"
"293","0.0","0","0.0","False","False","1","0","0","0","0","0","175.7317244894396","0.0","0.301494500003173","full_space_bo","2","medium","293","0.0","0.0","False","0","0","distance","30.0","15.0","rate_high","300"
"294","0.0","0","0.0","False","False","2","0","0","0","0","0","215.47206769030726","0.0","0.302204100000381","full_space_bo","2","medium","294","0.0","0.0","False","0","0","distance","30.0","15.0","rate_high","300"
"295","0.0","0","0.0","False","False","1","0","0","0","0","1","231.6386283691866","0.0","0.30324560000008205","full_space_bo","2","medium","295","0.0","0.0","False","0","0","distance","30.0","15.0","rate_high","300"
"296","0.0","0","0.0","False","False","0","0","0","0","0","2","263.46406306350286","0.0","0.304350099999283","full_space_bo","2","medium","296","0.0","0.0","False","0","0","distance","30.0","15.0","rate_high","300"
"297","0.0","0","0.0","False","False","0","0","0","0","0","1","214.43341620616175","0.0","0.3054489999994985","full_space_bo","2","medium","297","0.0","0.0","False","0","0","distance","30.0","15.0","rate_high","300"
"298","0.0","0","0.0","False","False","0","0","0","0","0","0","233.531076442981","0.0","0.3070707000006223","full_space_bo","2","medium","298","0.0","0.0","False","0","0","distance","30.0","15.0","rate_high","300"
"299","0.0","0","0.0","False","False","3","0","0","0","0","0","236.27377853060207","0.0","0.30825069999991683","full_space_bo","2","medium","299","0.0","0.0","False","0","0","distance","30.0","15.0","rate_high","300"
"300","0.0","0","0.0","False","False","3","0","0","2","0","0","181.83326737571787","0.0","0.30942979999963427","full_space_bo","2","medium","300","0.0","0.0","False","0","0","distance","30.0","15.0","rate_high","300"
